Frame,Predicted
0,outward
1,outward
2,outward
3,outward
4,outward
5,outward
6,outward
7,outward
8,outward
9,outward
10,inward
11,outward
12,outward
13,outward
14,outward
15,inward
16,outward
17,outward
18,outward
19,outward
20,outward
21,outward
22,occluded
23,outward
24,outward
25,outward
26,outward
27,outward
28,outward
29,outward
30,outward
31,outward
32,outward
33,outward
34,outward
35,outward
36,inward
37,outward
38,outward
39,outward
40,outward
41,outward
42,outward
43,outward
44,outward
45,outward
46,outward
47,outward
48,outward
49,occluded
50,outward
51,outward
52,outward
53,outward
54,outward
55,occluded
56,outward
57,outward
58,outward
59,outward
60,outward
61,outward
62,outward
63,outward
64,outward
65,inward
66,outward
67,outward
68,outward
69,outward
70,inward
71,outward
72,inward
73,inward
74,inward
75,outward
76,occluded
77,outward
78,outward
79,outward
80,outward
81,outward
82,outward
83,outward
84,outward
85,outward
86,outward
87,outward
88,outward
89,outward
90,outward
91,outward
92,inward
93,outward
94,outward
95,outward
96,outward
97,outward
98,outward
99,outward
100,outward
101,outward
102,outward
103,outward
104,inward
105,inward
106,outward
107,outward
108,outward
109,outward
110,outward
111,outward
112,outward
113,outward
114,outward
115,outward
116,outward
117,outward
118,inward
119,outward
120,outward
121,outward
122,outward
123,outward
124,outward
125,outward
126,outward
127,inward
128,outward
129,outward
130,outward
131,outward
132,outward
133,outward
134,outward
135,outward
136,outward
137,outward
138,occluded
139,outward
140,outward
141,outward
142,outward
143,outward
144,inward
145,outward
146,inward
147,outward
148,outward
149,outward
150,outward
151,outward
152,inward
153,outward
154,outward
155,outward
156,inward
157,outward
158,outward
159,outward
160,outward
161,outward
162,inward
163,inward
164,outward
165,inward
166,outward
167,outward
168,inward
169,outward
170,outward
171,outward
172,outward
173,outward
174,outward
175,outward
176,outward
177,outward
178,inward
179,outward
180,inward
181,outward
182,inward
183,inward
184,inward
185,inward
186,outward
187,outward
188,inward
189,outward
190,outward
191,outward
192,inward
193,outward
194,inward
195,inward
196,outward
197,outward
198,outward
199,outward
200,inward
201,inward
202,outward
203,outward
204,outward
205,inward
206,outward
207,outward
208,outward
209,outward
210,inward
211,outward
212,outward
213,outward
214,inward
215,outward
216,outward
217,outward
218,inward
219,outward
220,outward
221,inward
222,inward
223,inward
224,outward
225,outward
226,inward
227,inward
228,inward
229,inward
230,outward
231,outward
232,outward
233,inward
234,outward
235,occluded
236,outward
237,outward
238,outward
239,outward
240,outward
241,outward
242,inward
243,outward
244,outward
245,outward
246,outward
247,inward
248,inward
249,outward
250,outward
251,inward
252,inward
253,inward
254,inward
255,inward
256,inward
257,inward
258,inward
259,inward
260,inward
261,inward
262,inward
263,inward
264,inward
265,inward
266,inward
267,outward
268,inward
269,inward
270,inward
271,inward
272,inward
273,outward
274,inward
275,inward
276,inward
277,inward
278,inward
279,inward
280,outward
281,inward
282,inward
283,inward
284,inward
285,inward
286,inward
287,inward
288,inward
289,outward
290,outward
291,outward
292,inward
293,occluded
294,inward
295,inward
296,inward
297,inward
298,outward
299,outward
300,outward
301,inward
302,outward
303,inward
304,inward
305,inward
306,outward
307,inward
308,inward
309,inward
310,inward
311,inward
312,inward
313,inward
314,inward
315,inward
316,inward
317,inward
318,inward
319,inward
320,inward
321,outward
322,inward
323,outward
324,inward
325,inward
326,inward
327,inward
328,inward
329,inward
330,inward
331,inward
332,inward
333,inward
334,inward
335,outward
336,inward
337,inward
338,inward
339,inward
340,inward
341,outward
342,inward
343,outward
344,inward
345,inward
346,inward
347,inward
348,inward
349,inward
350,inward
351,inward
352,inward
353,inward
354,inward
355,inward
356,inward
357,inward
358,inward
359,inward
360,inward
361,inward
362,inward
363,inward
364,inward
365,inward
366,inward
367,inward
368,inward
369,inward
370,inward
371,inward
372,inward
373,inward
374,inward
375,inward
376,inward
377,inward
378,inward
379,outward
380,inward
381,outward
382,inward
383,inward
384,inward
385,inward
386,inward
387,inward
388,inward
389,inward
390,outward
391,inward
392,outward
393,inward
394,occluded
395,inward
396,inward
397,inward
398,outward
399,inward
400,inward
401,inward
402,inward
403,inward
404,inward
405,inward
406,inward
407,inward
408,inward
409,inward
410,inward
411,inward
412,inward
413,inward
414,inward
415,inward
416,inward
417,inward
418,inward
419,inward
420,inward
421,inward
422,inward
423,inward
424,inward
425,inward
426,inward
427,inward
428,inward
429,inward
430,inward
431,inward
432,inward
433,inward
434,inward
435,inward
436,inward
437,inward
438,inward
439,outward
440,inward
441,inward
442,inward
443,inward
444,inward
445,inward
446,inward
447,inward
448,inward
449,inward
450,outward
451,inward
452,inward
453,inward
454,inward
455,inward
456,inward
457,inward
458,inward
459,inward
460,inward
461,inward
462,inward
463,inward
464,inward
465,inward
466,inward
467,inward
468,inward
469,inward
470,inward
471,inward
472,inward
473,inward
474,inward
475,inward
476,inward
477,inward
478,inward
479,inward
480,inward
481,inward
482,inward
483,inward
484,outward
485,inward
486,inward
487,inward
488,inward
489,inward
490,inward
491,inward
492,inward
493,inward
494,inward
495,inward
496,inward
497,inward
498,inward
499,inward
500,inward
501,inward
502,inward
503,inward
504,inward
505,inward
506,inward
507,inward
508,inward
509,inward
510,inward
511,inward
512,inward
513,inward
514,inward
515,inward
516,inward
517,inward
518,inward
519,inward
520,inward
521,outward
522,inward
523,inward
524,inward
525,inward
526,inward
527,inward
528,inward
529,inward
530,inward
531,inward
532,inward
533,outward
534,inward
535,outward
536,inward
537,inward
538,inward
539,inward
540,inward
541,inward
542,inward
543,inward
544,inward
545,inward
546,inward
547,outward
548,inward
549,inward
550,inward
551,inward
552,inward
553,inward
554,inward
555,inward
556,occluded
557,inward
558,inward
559,inward
560,inward
561,inward
562,inward
563,inward
564,inward
565,inward
566,inward
567,inward
568,inward
569,inward
570,inward
571,inward
572,outward
573,inward
574,inward
575,inward
576,inward
577,inward
578,occluded
579,inward
580,inward
581,inward
582,inward
583,inward
584,inward
585,outward
586,inward
587,inward
588,inward
589,inward
590,outward
591,inward
592,inward
593,inward
594,inward
595,inward
596,inward
597,inward
598,inward
599,inward
600,inward
601,inward
602,inward
603,inward
604,inward
605,inward
606,inward
607,inward
608,inward
609,inward
610,inward
611,inward
612,inward
613,inward
614,inward
615,inward
616,inward
617,inward
618,inward
619,inward
620,outward
621,inward
622,inward
623,inward
624,inward
625,inward
626,inward
627,inward
628,inward
629,inward
630,inward
631,inward
632,inward
633,outward
634,outward
635,outward
636,inward
637,inward
638,inward
639,inward
640,inward
641,inward
642,inward
643,inward
644,inward
645,inward
646,inward
647,inward
648,inward
649,inward
650,inward
651,inward
652,inward
653,inward
654,inward
655,inward
656,inward
657,inward
658,inward
659,inward
660,inward
661,inward
662,inward
663,inward
664,inward
665,inward
666,inward
667,inward
668,inward
669,inward
670,outward
671,inward
672,outward
673,inward
674,inward
675,outward
676,outward
677,inward
678,inward
679,inward
680,inward
681,inward
682,inward
683,outward
684,inward
685,outward
686,inward
687,outward
688,inward
689,inward
690,outward
691,inward
692,inward
693,inward
694,inward
695,inward
696,inward
697,inward
698,inward
699,outward
700,inward
701,outward
702,outward
703,inward
704,inward
705,outward
706,outward
707,inward
708,outward
709,inward
710,inward
711,inward
712,inward
713,outward
714,inward
715,inward
716,inward
717,inward
718,outward
719,outward
720,inward
721,inward
722,outward
723,outward
724,inward
725,inward
726,outward
727,inward
728,occluded
729,inward
730,inward
731,inward
732,inward
733,inward
734,inward
735,inward
736,outward
737,inward
738,inward
739,inward
740,inward
741,inward
742,inward
743,inward
744,inward
745,inward
746,inward
747,inward
748,inward
749,inward
750,inward
751,inward
752,inward
753,inward
754,inward
755,inward
756,inward
757,inward
758,inward
759,inward
760,inward
761,inward
762,inward
763,inward
764,inward
765,inward
766,inward
767,inward
768,inward
769,inward
770,inward
771,inward
772,inward
773,inward
774,inward
775,inward
776,inward
777,inward
778,inward
779,inward
780,inward
781,inward
782,inward
783,inward
784,inward
785,inward
786,inward
787,inward
788,inward
789,inward
790,inward
791,inward
792,inward
793,inward
794,inward
795,inward
796,inward
797,inward
798,inward
799,inward
800,inward
801,inward
802,inward
803,inward
804,inward
805,inward
806,inward
807,inward
808,inward
809,inward
810,inward
811,inward
812,inward
813,inward
814,inward
815,inward
816,inward
817,outward
818,inward
819,inward
820,inward
821,inward
822,inward
823,inward
824,inward
825,inward
826,inward
827,inward
828,inward
829,inward
830,inward
831,inward
832,inward
833,inward
834,inward
835,inward
836,inward
837,inward
838,inward
839,inward
840,inward
841,inward
842,inward
843,inward
844,inward
845,outward
846,inward
847,inward
848,inward
849,outward
850,inward
851,inward
852,inward
853,inward
854,inward
855,inward
856,inward
857,inward
858,inward
859,inward
860,inward
861,inward
862,inward
863,inward
864,inward
865,outward
866,outward
867,inward
868,inward
869,inward
870,inward
871,inward
872,inward
873,inward
874,inward
875,inward
876,inward
877,inward
878,inward
879,inward
880,inward
881,inward
882,inward
883,inward
884,inward
885,inward
886,inward
887,inward
888,outward
889,inward
890,inward
891,inward
892,inward
893,inward
894,inward
895,inward
896,inward
897,inward
898,inward
899,inward
900,inward
901,inward
902,inward
903,inward
904,inward
905,inward
906,inward
907,inward
908,inward
909,inward
910,inward
911,inward
912,inward
913,outward
914,inward
915,inward
916,inward
917,inward
918,inward
919,inward
920,inward
921,inward
922,inward
923,inward
924,inward
925,inward
926,inward
927,occluded
928,inward
929,inward
930,inward
931,inward
932,inward
933,inward
934,inward
935,inward
936,inward
937,inward
938,inward
939,inward
940,inward
941,inward
942,inward
943,inward
944,inward
945,inward
946,inward
947,inward
948,inward
949,inward
950,inward
951,inward
952,inward
953,inward
954,inward
955,inward
956,inward
957,inward
958,inward
959,inward
960,inward
961,inward
962,inward
963,inward
964,inward
965,outward
966,inward
967,inward
968,inward
969,inward
970,inward
971,inward
972,inward
973,inward
974,inward
975,inward
976,inward
977,inward
978,inward
979,inward
980,inward
981,inward
982,inward
983,inward
984,outward
985,inward
986,inward
987,inward
988,inward
989,inward
990,inward
991,inward
992,inward
993,inward
994,inward
995,inward
996,inward
997,inward
998,inward
999,inward
1000,inward
1001,inward
1002,inward
1003,inward
1004,inward
1005,inward
1006,inward
1007,inward
1008,inward
1009,inward
1010,inward
1011,inward
1012,inward
1013,outward
1014,inward
1015,inward
1016,inward
1017,inward
1018,inward
1019,inward
1020,inward
1021,inward
1022,inward
1023,inward
1024,inward
1025,inward
1026,inward
1027,inward
1028,inward
1029,inward
1030,inward
1031,inward
1032,inward
1033,outward
1034,outward
1035,inward
1036,inward
1037,inward
1038,inward
1039,inward
1040,inward
1041,outward
1042,inward
1043,inward
1044,inward
1045,inward
1046,inward
1047,inward
1048,inward
1049,inward
1050,inward
1051,outward
1052,outward
1053,inward
1054,inward
1055,inward
1056,inward
1057,inward
1058,inward
1059,inward
1060,inward
1061,inward
1062,inward
1063,inward
1064,inward
1065,inward
1066,inward
1067,inward
1068,occluded
1069,inward
1070,inward
1071,inward
1072,inward
1073,inward
1074,inward
1075,inward
1076,inward
1077,inward
1078,inward
1079,inward
1080,outward
1081,outward
1082,inward
1083,outward
1084,inward
1085,inward
1086,outward
1087,inward
1088,inward
1089,inward
1090,inward
1091,inward
1092,inward
1093,inward
1094,inward
1095,inward
1096,inward
1097,inward
1098,outward
1099,inward
1100,inward
1101,inward
1102,inward
1103,inward
1104,inward
1105,outward
1106,inward
1107,inward
1108,outward
1109,inward
1110,inward
1111,inward
1112,outward
1113,inward
1114,inward
1115,inward
1116,inward
1117,inward
1118,inward
1119,inward
1120,inward
1121,occluded
1122,outward
1123,inward
1124,inward
1125,occluded
1126,inward
1127,outward
1128,inward
1129,outward
1130,inward
1131,inward
1132,outward
1133,outward
1134,inward
1135,outward
1136,outward
1137,occluded
1138,inward
1139,inward
1140,inward
1141,inward
1142,inward
1143,inward
1144,inward
1145,inward
1146,inward
1147,inward
1148,inward
1149,inward
1150,inward
1151,inward
1152,inward
1153,inward
1154,inward
1155,inward
1156,inward
1157,inward
1158,inward
1159,inward
1160,inward
1161,inward
1162,inward
1163,inward
1164,outward
1165,inward
1166,inward
1167,inward
1168,inward
1169,inward
1170,inward
1171,inward
1172,inward
1173,inward
1174,inward
1175,inward
1176,outward
1177,outward
1178,inward
1179,inward
1180,outward
1181,inward
1182,inward
1183,inward
1184,inward
1185,occluded
1186,outward
1187,outward
1188,inward
1189,inward
1190,outward
1191,outward
1192,inward
1193,inward
1194,outward
1195,inward
1196,outward
1197,inward
1198,inward
1199,inward
1200,inward
1201,inward
1202,inward
1203,inward
1204,inward
1205,inward
1206,inward
1207,inward
1208,inward
1209,inward
1210,inward
1211,inward
1212,inward
1213,inward
1214,inward
1215,outward
1216,occluded
1217,outward
1218,inward
1219,inward
1220,inward
1221,outward
1222,inward
1223,inward
1224,inward
1225,inward
1226,inward
1227,outward
1228,inward
1229,outward
1230,inward
1231,inward
1232,outward
1233,inward
1234,inward
1235,outward
1236,inward
1237,inward
1238,inward
1239,outward
1240,inward
1241,inward
1242,inward
1243,occluded
1244,inward
1245,inward
1246,inward
1247,inward
1248,inward
1249,inward
1250,inward
1251,outward
1252,inward
1253,outward
1254,inward
1255,inward
1256,inward
1257,outward
1258,inward
1259,inward
1260,inward
1261,inward
1262,inward
1263,inward
1264,inward
1265,inward
1266,outward
1267,inward
1268,inward
1269,inward
1270,outward
1271,inward
1272,outward
1273,inward
1274,inward
1275,inward
1276,outward
1277,inward
1278,inward
1279,inward
1280,inward
1281,inward
1282,outward
1283,inward
1284,inward
1285,inward
1286,inward
1287,inward
1288,inward
1289,inward
1290,inward
1291,inward
1292,inward
1293,inward
1294,inward
1295,inward
1296,outward
1297,outward
1298,inward
1299,inward
1300,inward
1301,outward
1302,inward
1303,inward
1304,inward
1305,inward
1306,inward
1307,inward
1308,inward
1309,inward
1310,outward
1311,outward
1312,inward
1313,inward
1314,inward
1315,outward
1316,outward
1317,outward
1318,inward
1319,inward
1320,outward
1321,inward
1322,outward
1323,inward
1324,outward
1325,inward
1326,inward
1327,inward
1328,inward
1329,outward
1330,inward
1331,inward
1332,inward
1333,inward
1334,inward
1335,inward
1336,inward
1337,inward
1338,inward
1339,inward
1340,inward
1341,outward
1342,inward
1343,inward
1344,inward
1345,outward
1346,inward
1347,inward
1348,inward
1349,inward
1350,inward
1351,outward
1352,inward
1353,inward
1354,inward
1355,occluded
1356,inward
1357,inward
1358,occluded
1359,inward
1360,inward
1361,inward
1362,outward
1363,inward
1364,inward
1365,inward
1366,inward
1367,outward
1368,inward
1369,inward
1370,outward
1371,inward
1372,inward
1373,outward
1374,outward
1375,inward
1376,outward
1377,inward
1378,inward
1379,inward
1380,inward
1381,outward
1382,outward
1383,inward
1384,inward
1385,inward
1386,inward
1387,outward
1388,inward
1389,inward
1390,inward
1391,inward
1392,outward
1393,inward
1394,inward
1395,outward
1396,outward
1397,inward
1398,outward
1399,inward
1400,inward
1401,outward
1402,inward
1403,inward
1404,inward
1405,inward
1406,inward
1407,inward
1408,inward
1409,outward
1410,inward
1411,outward
1412,outward
1413,inward
1414,inward
1415,inward
1416,inward
1417,inward
1418,inward
1419,inward
1420,inward
1421,outward
1422,inward
1423,inward
1424,outward
1425,inward
1426,inward
1427,inward
1428,inward
1429,outward
1430,inward
1431,outward
1432,inward
1433,inward
1434,inward
1435,inward
1436,inward
1437,occluded
1438,outward
1439,inward
1440,inward
1441,outward
1442,inward
1443,outward
1444,inward
1445,inward
1446,inward
1447,inward
1448,inward
1449,inward
1450,outward
1451,outward
1452,inward
1453,outward
1454,outward
1455,inward
1456,inward
1457,inward
1458,inward
1459,outward
1460,inward
1461,outward
1462,inward
1463,inward
1464,inward
1465,outward
1466,outward
1467,inward
1468,inward
1469,inward
1470,inward
1471,inward
1472,outward
1473,inward
1474,occluded
1475,inward
1476,outward
1477,inward
1478,inward
1479,inward
1480,outward
1481,inward
1482,occluded
1483,inward
1484,outward
1485,inward
1486,inward
1487,outward
1488,occluded
1489,inward
1490,inward
1491,outward
1492,outward
1493,inward
1494,outward
1495,outward
1496,outward
1497,inward
1498,inward
1499,inward
1500,inward
1501,outward
1502,inward
1503,inward
1504,inward
1505,inward
1506,inward
1507,inward
1508,inward
1509,outward
1510,inward
1511,outward
1512,inward
1513,inward
1514,inward
1515,inward
1516,outward
1517,outward
1518,inward
1519,inward
1520,inward
1521,inward
1522,inward
1523,outward
1524,inward
1525,inward
1526,inward
1527,outward
1528,inward
1529,inward
1530,outward
1531,outward
1532,outward
1533,inward
1534,inward
1535,inward
1536,outward
1537,inward
1538,outward
1539,inward
1540,inward
1541,inward
1542,outward
1543,inward
1544,inward
1545,inward
1546,inward
1547,inward
1548,inward
1549,inward
1550,inward
1551,inward
1552,inward
1553,inward
1554,inward
1555,inward
1556,inward
1557,inward
1558,inward
1559,inward
1560,inward
1561,inward
1562,inward
1563,inward
1564,occluded
1565,inward
1566,inward
1567,inward
1568,inward
1569,outward
1570,outward
1571,inward
1572,inward
1573,inward
1574,inward
1575,outward
1576,inward
1577,inward
1578,inward
1579,inward
1580,inward
1581,inward
1582,inward
1583,inward
1584,inward
1585,inward
1586,inward
1587,inward
1588,inward
1589,inward
1590,inward
1591,inward
1592,inward
1593,inward
1594,occluded
1595,outward
1596,outward
1597,inward
1598,occluded
1599,inward
1600,inward
1601,inward
1602,occluded
1603,inward
1604,outward
1605,inward
1606,inward
1607,inward
1608,inward
1609,inward
1610,outward
1611,inward
1612,inward
1613,inward
1614,inward
1615,inward
1616,inward
1617,inward
1618,outward
1619,inward
1620,inward
1621,inward
1622,inward
1623,inward
1624,inward
1625,inward
1626,inward
1627,inward
1628,inward
1629,inward
1630,inward
1631,inward
1632,inward
1633,outward
1634,inward
1635,inward
1636,inward
1637,outward
1638,outward
1639,inward
1640,inward
1641,inward
1642,inward
1643,occluded
1644,inward
1645,inward
1646,inward
1647,inward
1648,inward
1649,inward
1650,inward
1651,outward
1652,occluded
1653,inward
1654,inward
1655,inward
1656,inward
1657,inward
1658,inward
1659,inward
1660,inward
1661,outward
1662,inward
1663,outward
1664,inward
1665,inward
1666,inward
1667,inward
1668,inward
1669,inward
1670,occluded
1671,inward
1672,inward
1673,inward
1674,inward
1675,inward
1676,inward
1677,inward
1678,inward
1679,inward
1680,inward
1681,inward
1682,inward
1683,inward
1684,outward
1685,inward
1686,inward
1687,inward
1688,inward
1689,inward
1690,inward
1691,inward
1692,inward
1693,outward
1694,outward
1695,inward
1696,inward
1697,inward
1698,inward
1699,inward
1700,inward
1701,inward
1702,inward
1703,inward
1704,inward
1705,occluded
1706,inward
1707,outward
1708,inward
1709,inward
1710,inward
1711,outward
1712,inward
1713,inward
1714,inward
1715,occluded
1716,inward
1717,inward
1718,inward
1719,inward
1720,inward
1721,inward
1722,inward
1723,inward
1724,inward
1725,inward
1726,inward
1727,inward
1728,inward
1729,inward
1730,inward
1731,inward
1732,inward
1733,inward
1734,inward
1735,inward
1736,inward
1737,outward
1738,inward
1739,inward
1740,inward
1741,inward
1742,inward
1743,inward
1744,inward
1745,inward
1746,inward
1747,inward
1748,inward
1749,inward
1750,inward
1751,inward
1752,inward
1753,inward
1754,inward
1755,inward
1756,inward
1757,inward
1758,inward
1759,inward
1760,inward
1761,inward
1762,inward
1763,inward
1764,inward
1765,inward
1766,inward
1767,inward
1768,inward
1769,inward
1770,inward
1771,inward
1772,inward
1773,inward
1774,outward
1775,inward
1776,inward
1777,inward
1778,inward
1779,inward
1780,inward
1781,inward
1782,inward
1783,occluded
1784,inward
1785,inward
1786,inward
1787,inward
1788,inward
1789,inward
1790,inward
1791,inward
1792,inward
1793,inward
1794,inward
1795,outward
1796,inward
1797,inward
1798,outward
1799,inward
1800,inward
1801,inward
1802,inward
1803,inward
1804,inward
1805,inward
1806,inward
1807,inward
1808,inward
1809,inward
1810,inward
1811,inward
1812,inward
1813,inward
1814,inward
1815,inward
1816,outward
1817,inward
1818,inward
1819,inward
1820,inward
1821,inward
1822,inward
1823,inward
1824,inward
1825,inward
1826,inward
1827,inward
1828,inward
1829,inward
1830,inward
1831,inward
1832,inward
1833,inward
1834,inward
1835,inward
1836,inward
1837,inward
1838,inward
1839,inward
1840,inward
1841,inward
1842,inward
1843,inward
1844,inward
1845,inward
1846,inward
1847,inward
1848,inward
1849,outward
1850,inward
1851,inward
1852,inward
1853,inward
1854,inward
1855,occluded
1856,inward
1857,inward
1858,inward
1859,inward
1860,inward
1861,inward
1862,inward
1863,inward
1864,inward
1865,inward
1866,inward
1867,inward
1868,inward
1869,occluded
1870,inward
1871,inward
1872,inward
1873,inward
1874,inward
1875,inward
1876,inward
1877,inward
1878,inward
1879,inward
1880,inward
1881,inward
1882,inward
1883,occluded
1884,inward
1885,inward
1886,inward
1887,inward
1888,inward
1889,inward
1890,inward
1891,inward
1892,inward
1893,inward
1894,inward
1895,inward
1896,inward
1897,inward
1898,inward
1899,inward
1900,inward
1901,inward
1902,inward
1903,inward
1904,inward
1905,inward
1906,inward
1907,occluded
1908,outward
1909,inward
1910,inward
1911,inward
1912,inward
1913,inward
1914,occluded
1915,inward
1916,inward
1917,inward
1918,inward
1919,inward
1920,inward
1921,inward
1922,inward
1923,inward
1924,inward
1925,inward
1926,inward
1927,occluded
1928,inward
1929,inward
1930,inward
1931,inward
1932,inward
1933,inward
1934,inward
1935,inward
1936,inward
1937,inward
1938,inward
1939,inward
1940,inward
1941,inward
1942,inward
1943,inward
1944,inward
1945,inward
1946,inward
1947,inward
1948,inward
1949,occluded
1950,inward
1951,inward
1952,inward
1953,inward
1954,inward
1955,inward
1956,inward
1957,inward
1958,inward
1959,inward
1960,inward
1961,inward
1962,inward
1963,inward
1964,inward
1965,inward
1966,inward
1967,inward
1968,outward
1969,inward
1970,outward
1971,inward
1972,inward
1973,inward
1974,inward
1975,inward
1976,inward
1977,inward
1978,inward
1979,inward
1980,inward
1981,outward
1982,inward
1983,inward
1984,inward
1985,inward
1986,inward
1987,inward
1988,inward
1989,inward
1990,inward
1991,inward
1992,inward
1993,inward
1994,inward
1995,inward
1996,inward
1997,inward
1998,outward
1999,inward
2000,inward
2001,outward
2002,inward
2003,inward
2004,inward
2005,inward
2006,inward
2007,inward
2008,inward
2009,inward
2010,inward
2011,inward
2012,inward
2013,inward
2014,inward
2015,inward
2016,inward
2017,inward
2018,inward
2019,inward
2020,inward
2021,inward
2022,outward
2023,outward
2024,inward
2025,inward
2026,inward
2027,inward
2028,inward
2029,occluded
2030,inward
2031,inward
2032,inward
2033,inward
2034,inward
2035,inward
2036,inward
2037,inward
2038,inward
2039,inward
2040,inward
2041,inward
2042,inward
2043,inward
2044,inward
2045,inward
2046,inward
2047,inward
2048,inward
2049,inward
2050,inward
2051,inward
2052,inward
2053,inward
2054,outward
2055,outward
2056,outward
2057,inward
2058,inward
2059,inward
2060,inward
2061,inward
2062,inward
2063,occluded
2064,inward
2065,inward
2066,occluded
2067,inward
2068,inward
2069,inward
2070,inward
2071,inward
2072,inward
2073,inward
2074,inward
2075,inward
2076,inward
2077,inward
2078,outward
2079,inward
2080,occluded
2081,inward
2082,inward
2083,occluded
2084,inward
2085,inward
2086,inward
2087,inward
2088,inward
2089,inward
2090,inward
2091,inward
2092,inward
2093,occluded
2094,inward
2095,outward
2096,inward
2097,outward
2098,inward
2099,inward
2100,inward
2101,inward
2102,inward
2103,inward
2104,inward
2105,inward
2106,inward
2107,inward
2108,inward
2109,inward
2110,inward
2111,inward
2112,inward
2113,inward
2114,inward
2115,inward
2116,occluded
2117,inward
2118,inward
2119,inward
2120,inward
2121,inward
2122,occluded
2123,inward
2124,inward
2125,inward
2126,inward
2127,inward
2128,inward
2129,inward
2130,inward
2131,inward
2132,inward
2133,inward
2134,inward
2135,inward
2136,inward
2137,outward
2138,inward
2139,inward
2140,inward
2141,inward
2142,inward
2143,inward
2144,inward
2145,inward
2146,inward
2147,inward
2148,inward
2149,occluded
2150,outward
2151,inward
2152,inward
2153,inward
2154,inward
2155,inward
2156,inward
2157,inward
2158,outward
2159,inward
2160,inward
2161,inward
2162,inward
2163,inward
2164,outward
2165,outward
2166,inward
2167,inward
2168,inward
2169,inward
2170,inward
2171,inward
2172,outward
2173,inward
2174,inward
2175,inward
2176,inward
2177,inward
2178,inward
2179,inward
2180,inward
2181,inward
2182,occluded
2183,inward
2184,inward
2185,inward
2186,inward
2187,inward
2188,inward
2189,inward
2190,inward
2191,inward
2192,inward
2193,inward
2194,inward
2195,outward
2196,inward
2197,outward
2198,inward
2199,inward
2200,inward
2201,inward
2202,inward
2203,inward
2204,inward
2205,outward
2206,inward
2207,inward
2208,inward
2209,inward
2210,outward
2211,inward
2212,inward
2213,inward
2214,inward
2215,inward
2216,inward
2217,inward
2218,inward
2219,inward
2220,inward
2221,inward
2222,inward
2223,inward
2224,inward
2225,outward
2226,inward
2227,inward
2228,inward
2229,occluded
2230,inward
2231,inward
2232,inward
2233,inward
2234,inward
2235,inward
2236,inward
2237,inward
2238,inward
2239,inward
2240,inward
2241,occluded
2242,inward
2243,inward
2244,inward
2245,inward
2246,outward
2247,inward
2248,inward
2249,inward
2250,inward
2251,inward
2252,inward
2253,inward
2254,inward
2255,outward
2256,inward
2257,occluded
2258,inward
2259,inward
2260,inward
2261,inward
2262,inward
2263,inward
2264,inward
2265,inward
2266,inward
2267,inward
2268,inward
2269,inward
2270,inward
2271,inward
2272,inward
2273,inward
2274,inward
2275,inward
2276,inward
2277,inward
2278,inward
2279,inward
2280,inward
2281,inward
2282,outward
2283,inward
2284,inward
2285,inward
2286,inward
2287,inward
2288,outward
2289,inward
2290,inward
2291,inward
2292,inward
2293,inward
2294,outward
2295,inward
2296,inward
2297,inward
2298,inward
2299,inward
2300,outward
2301,outward
2302,inward
2303,inward
2304,inward
2305,inward
2306,inward
2307,inward
2308,inward
2309,inward
2310,outward
2311,inward
2312,inward
2313,outward
2314,outward
2315,outward
2316,inward
2317,inward
2318,inward
2319,inward
2320,inward
2321,inward
2322,inward
2323,inward
2324,inward
2325,inward
2326,inward
2327,outward
2328,inward
2329,inward
2330,outward
2331,inward
2332,outward
2333,inward
2334,inward
2335,inward
2336,inward
2337,outward
2338,outward
2339,inward
2340,inward
2341,inward
2342,inward
2343,outward
2344,inward
2345,inward
2346,outward
2347,inward
2348,occluded
2349,inward
2350,occluded
2351,outward
2352,inward
2353,inward
2354,outward
2355,inward
2356,inward
2357,outward
2358,occluded
2359,inward
2360,outward
2361,outward
2362,inward
2363,inward
2364,outward
2365,inward
2366,outward
2367,inward
2368,inward
2369,outward
2370,inward
2371,inward
2372,inward
2373,outward
2374,outward
2375,inward
2376,occluded
2377,inward
2378,outward
2379,inward
2380,outward
2381,inward
2382,inward
2383,outward
2384,inward
2385,inward
2386,inward
2387,outward
2388,inward
2389,outward
2390,inward
2391,inward
2392,inward
2393,outward
2394,inward
2395,inward
2396,inward
2397,inward
2398,occluded
2399,outward
2400,inward
2401,outward
2402,inward
2403,outward
2404,inward
2405,occluded
2406,inward
2407,inward
2408,inward
2409,inward
2410,inward
2411,outward
2412,inward
2413,inward
2414,inward
2415,outward
2416,outward
2417,inward
2418,inward
2419,inward
2420,inward
2421,outward
2422,inward
2423,inward
2424,inward
2425,inward
2426,inward
2427,inward
2428,inward
2429,inward
2430,inward
2431,inward
2432,inward
2433,inward
2434,inward
2435,outward
2436,inward
2437,inward
2438,occluded
2439,inward
2440,inward
2441,inward
2442,inward
2443,inward
2444,outward
2445,inward
2446,inward
2447,inward
2448,inward
2449,outward
2450,inward
2451,inward
2452,outward
2453,inward
2454,outward
2455,inward
2456,outward
2457,inward
2458,outward
2459,inward
2460,inward
2461,inward
2462,inward
2463,outward
2464,inward
2465,inward
2466,inward
2467,inward
2468,inward
2469,outward
2470,inward
2471,inward
2472,outward
2473,inward
2474,inward
2475,inward
2476,inward
2477,outward
2478,inward
2479,outward
2480,outward
2481,inward
2482,inward
2483,outward
2484,inward
2485,outward
2486,inward
2487,inward
2488,inward
2489,inward
2490,inward
2491,outward
2492,inward
2493,inward
2494,inward
2495,inward
2496,occluded
2497,outward
2498,inward
2499,outward
2500,inward
2501,outward
2502,inward
2503,inward
2504,inward
2505,inward
2506,inward
2507,inward
2508,inward
2509,inward
2510,inward
2511,inward
2512,inward
2513,inward
2514,inward
2515,inward
2516,inward
2517,inward
2518,outward
2519,inward
2520,outward
2521,inward
2522,inward
2523,occluded
2524,inward
2525,inward
2526,inward
2527,inward
2528,inward
2529,outward
2530,inward
2531,inward
2532,inward
2533,inward
2534,outward
2535,inward
2536,inward
2537,outward
2538,inward
2539,inward
2540,inward
2541,inward
2542,inward
2543,inward
2544,inward
2545,inward
2546,inward
2547,inward
2548,outward
2549,inward
2550,inward
2551,inward
2552,inward
2553,outward
2554,inward
2555,inward
2556,inward
2557,inward
2558,outward
2559,outward
2560,inward
2561,outward
2562,inward
2563,inward
2564,occluded
2565,inward
2566,inward
2567,outward
2568,outward
2569,inward
2570,outward
2571,outward
2572,inward
2573,outward
2574,outward
2575,inward
2576,outward
2577,outward
2578,outward
2579,outward
2580,inward
2581,inward
2582,inward
2583,inward
2584,outward
2585,outward
2586,inward
2587,inward
2588,inward
2589,inward
2590,inward
2591,outward
2592,inward
2593,inward
2594,inward
2595,inward
2596,inward
2597,inward
2598,inward
2599,inward
2600,inward
2601,inward
2602,occluded
2603,inward
2604,inward
2605,inward
2606,inward
2607,inward
2608,inward
2609,inward
2610,inward
2611,inward
2612,inward
2613,inward
2614,inward
2615,inward
2616,inward
2617,inward
2618,outward
2619,inward
2620,inward
2621,inward
2622,inward
2623,inward
2624,inward
2625,inward
2626,inward
2627,inward
2628,inward
2629,inward
2630,inward
2631,inward
2632,inward
2633,inward
2634,inward
2635,inward
2636,inward
2637,inward
2638,outward
2639,inward
2640,outward
2641,inward
2642,inward
2643,inward
2644,inward
2645,inward
2646,outward
2647,inward
2648,inward
2649,outward
2650,outward
2651,inward
2652,inward
2653,inward
2654,inward
2655,inward
2656,inward
2657,inward
2658,inward
2659,inward
2660,inward
2661,inward
2662,inward
2663,inward
2664,inward
2665,inward
2666,outward
2667,outward
2668,inward
2669,inward
2670,inward
2671,inward
2672,inward
2673,occluded
2674,outward
2675,inward
2676,inward
2677,occluded
2678,inward
2679,inward
2680,inward
2681,inward
2682,inward
2683,inward
2684,inward
2685,inward
2686,inward
2687,inward
2688,inward
2689,inward
2690,inward
2691,inward
2692,outward
2693,outward
2694,inward
2695,outward
2696,inward
2697,inward
2698,inward
2699,inward
2700,inward
2701,inward
2702,inward
2703,inward
2704,outward
2705,inward
2706,inward
2707,inward
2708,inward
2709,inward
2710,inward
2711,inward
2712,outward
2713,inward
2714,inward
2715,inward
2716,inward
2717,inward
2718,inward
2719,outward
2720,inward
2721,inward
2722,inward
2723,inward
2724,inward
2725,inward
2726,inward
2727,inward
2728,inward
2729,inward
2730,inward
2731,inward
2732,inward
2733,inward
2734,inward
2735,inward
2736,inward
2737,inward
2738,inward
2739,inward
2740,inward
2741,inward
2742,inward
2743,inward
2744,outward
2745,inward
2746,inward
2747,inward
2748,inward
2749,inward
2750,inward
2751,inward
2752,inward
2753,outward
2754,inward
2755,inward
2756,outward
2757,inward
2758,outward
2759,inward
2760,inward
2761,outward
2762,outward
2763,inward
2764,outward
2765,outward
2766,inward
2767,inward
2768,inward
2769,outward
2770,inward
2771,inward
2772,inward
2773,inward
2774,inward
2775,outward
2776,outward
2777,inward
2778,inward
2779,outward
2780,outward
2781,outward
2782,outward
2783,inward
2784,inward
2785,inward
2786,inward
2787,inward
2788,inward
2789,outward
2790,inward
2791,outward
2792,inward
2793,inward
2794,inward
2795,outward
2796,inward
2797,outward
2798,outward
2799,inward
2800,inward
2801,inward
2802,inward
2803,outward
2804,outward
2805,inward
2806,inward
2807,inward
2808,inward
2809,outward
2810,inward
2811,inward
2812,outward
2813,inward
2814,inward
2815,inward
2816,inward
2817,inward
2818,outward
2819,outward
2820,outward
2821,outward
2822,inward
2823,outward
2824,inward
2825,inward
2826,outward
2827,outward
2828,inward
2829,inward
2830,inward
2831,outward
2832,outward
2833,outward
2834,inward
2835,inward
2836,inward
2837,outward
2838,inward
2839,outward
2840,outward
2841,inward
2842,inward
2843,inward
2844,inward
2845,inward
2846,inward
2847,inward
2848,inward
2849,inward
2850,outward
2851,inward
2852,inward
2853,inward
2854,inward
2855,inward
2856,inward
2857,inward
2858,outward
2859,inward
2860,inward
2861,inward
2862,inward
2863,inward
2864,inward
2865,occluded
2866,inward
2867,inward
2868,inward
2869,inward
2870,inward
2871,inward
2872,inward
2873,inward
2874,outward
2875,occluded
2876,inward
2877,outward
2878,outward
2879,inward
2880,inward
2881,outward
2882,inward
2883,outward
2884,inward
2885,inward
2886,inward
2887,inward
2888,inward
2889,outward
2890,inward
2891,inward
2892,inward
2893,inward
2894,outward
2895,outward
2896,inward
2897,inward
2898,inward
2899,outward
2900,inward
2901,outward
2902,outward
2903,outward
2904,inward
2905,inward
2906,outward
2907,inward
2908,inward
2909,outward
2910,inward
2911,inward
2912,outward
2913,outward
2914,inward
2915,inward
2916,inward
2917,inward
2918,inward
2919,outward
2920,occluded
2921,occluded
2922,inward
2923,inward
2924,outward
2925,inward
2926,outward
2927,inward
2928,inward
2929,inward
2930,inward
2931,outward
2932,occluded
2933,outward
2934,outward
2935,outward
2936,inward
2937,inward
2938,outward
2939,outward
2940,occluded
2941,inward
2942,inward
2943,outward
2944,inward
2945,inward
2946,outward
2947,inward
2948,outward
2949,outward
2950,outward
2951,inward
2952,outward
2953,inward
2954,inward
2955,outward
2956,outward
2957,inward
2958,outward
2959,outward
2960,inward
2961,inward
2962,inward
2963,outward
2964,inward
2965,outward
2966,inward
2967,inward
2968,inward
2969,occluded
2970,outward
2971,outward
2972,inward
2973,outward
2974,occluded
2975,outward
2976,inward
2977,inward
2978,outward
2979,inward
2980,inward
2981,inward
2982,inward
2983,inward
2984,inward
2985,inward
2986,outward
2987,occluded
2988,inward
2989,inward
2990,inward
2991,outward
2992,inward
2993,inward
2994,outward
2995,outward
2996,occluded
2997,inward
2998,inward
2999,inward
3000,inward
3001,inward
3002,inward
3003,inward
3004,inward
3005,inward
3006,inward
3007,inward
3008,inward
3009,inward
3010,inward
3011,inward
3012,inward
3013,inward
3014,inward
3015,outward
3016,inward
3017,outward
3018,inward
3019,outward
3020,occluded
3021,inward
3022,occluded
3023,inward
3024,inward
3025,inward
3026,inward
3027,inward
3028,inward
3029,inward
3030,inward
3031,outward
3032,inward
3033,inward
3034,inward
3035,outward
3036,outward
3037,outward
3038,inward
3039,outward
3040,inward
3041,outward
3042,inward
3043,inward
3044,outward
3045,outward
3046,outward
3047,outward
3048,inward
3049,inward
3050,outward
3051,outward
3052,inward
3053,inward
3054,inward
3055,inward
3056,inward
3057,inward
3058,inward
3059,inward
3060,outward
3061,inward
3062,outward
3063,outward
3064,inward
3065,outward
3066,inward
3067,inward
3068,inward
3069,inward
3070,inward
3071,inward
3072,inward
3073,inward
3074,inward
3075,inward
3076,inward
3077,outward
3078,inward
3079,inward
3080,inward
3081,inward
3082,inward
